Time,Cwnd
0,0
0.0160371,10000
0.032396,11000
0.0340824,12000
0.0357688,13000
0.0374552,14000
0.0391416,15000
0.0487506,16000
0.050437,17000
0.0508586,18000
0.0531352,19000
0.0554962,20000
0.0559178,21000
0.0581944,22000
0.0651051,23000
0.0654424,24000
0.0678034,25000
0.0683093,26000
0.0687309,27000
0.0727782,28000
0.0752235,29000
0.0755608,30000
0.076151,31000
0.0802827,32000
0.0805357,33000
0.082981,34000
0.0833182,35000
0.0837398,36000
0.0880402,37000
0.0884618,38000
0.088799,39000
0.0892206,40000
0.095376,41000
0.095629,42000
0.0981586,43000
0.0984958,44000
0.0989174,45000
0.0997606,46000
0.105579,47000
0.105832,48000
0.106169,49000
0.110638,50000
0.110975,51000
0.111228,52000
0.11165,53000
0.112071,54000
0.118395,55000
0.118733,56000
0.11907,57000
0.119323,58000
0.119744,59000
0.120166,60000
0.128429,61000
0.128598,62000
0.128935,63000
0.131805,2000
0.295915,2500
0.312272,2900
0.328711,3244
0.345149,3552
0.361504,3833
0.377859,4093
0.394213,4337
0.394382,4567
0.410652,4785
0.410821,4993
0.427091,5193
0.42726,5385
0.44353,5570
0.443783,5749
0.459884,5922
0.460137,6090
0.476239,6254
0.476492,6413
0.476745,6568
0.492678,6720
0.493015,6868
0.493268,7013
0.509117,7155
0.509538,7294
0.509876,7431
0.525471,7565
0.525893,7697
0.52623,7826
0.541826,7953
0.542247,8078
0.542585,8201
0.55818,8322
0.558602,8442
0.558939,8560
0.559192,8676
0.574619,8791
0.575041,8904
0.575462,9016
0.575715,9126
0.591058,9235
0.59148,9343
0.591986,9450
0.592154,9555
0.607413,9659
0.607834,9762
0.60834,9864
0.608509,9965
0.623767,10065
0.624189,10164
0.624695,10262
0.624863,10359
0.640122,10455
0.64029,10550
0.640628,10644
0.641134,10737
0.641387,10830
0.656561,10922
0.656729,11013
0.657067,11103
0.657572,11193
0.65791,11282
0.673,11370
0.673168,11457
0.673421,11544
0.673927,11630
0.674264,11715
0.689354,11800
0.689523,11884
0.689776,11968
0.690282,12051
0.690619,12133
0.705709,12215
0.705877,12296
0.70613,12377
0.706636,12457
0.706805,12537
0.707142,12616
0.722148,12695
0.722316,12773
0.722569,12851
0.723159,12928
0.723328,13005
0.723665,13081
0.738586,13157
0.738755,13233
0.739008,13308
0.739683,13383
0.739936,13457
0.740104,13531
0.754941,13604
0.75511,13677
0.755363,13750
0.756037,13822
0.75629,13894
0.756459,13965
0.771296,14036
0.771464,14107
0.771717,14177
0.772392,14247
0.772645,14317
0.772813,14386
0.78765,14455
0.787819,14524
0.787987,14592
0.788156,14660
0.788915,14728
0.789084,14795
0.789336,14862
0.804089,14929
0.804258,14995
0.804426,15061
0.804595,15127
0.805438,15193
0.805607,15258
0.80586,15323
0.820528,15388
0.820696,15452
0.820865,15516
0.821034,15580
0.821793,15644
0.822046,15707
0.822214,15770
0.836882,15833
0.837051,15896
0.83722,15958
0.837388,16020
0.838147,16082
0.8384,16144
0.838569,16205
0.853237,16266
0.853406,16327
0.853574,16388
0.853743,16449
0.853996,16509
0.85467,16569
0.854839,16629
0.855092,16689
0.869676,16748
0.869844,16807
0.870013,16866
0.870182,16925
0.870519,16984
0.871194,17042
0.871362,17100
0.871615,17158
0.886115,17216
0.886283,17274
0.886452,17331
0.886621,17388
0.887042,17445
0.887717,17502
0.88797,17559
0.888138,17615
0.902469,17671
0.902638,17727
0.902807,17783
0.902975,17839
0.903397,17895
0.904071,17950
0.904324,18005
0.904493,18060
0.918824,18115
0.918992,18170
0.919161,18225
0.91933,18279
0.919751,18333
0.920426,18387
0.920679,18441
0.920848,18495
0.921185,18549
0.935263,18602
0.935431,18655
0.9356,18708
0.935769,18761
0.936275,18814
0.936949,18867
0.937118,18920
0.937371,18972
0.937708,19024
0.951702,19076
0.95187,19128
0.952039,19180
0.952208,19232
0.952798,19283
0.953472,19334
0.953641,19385
0.953894,19436
0.954231,19487
0.968056,19538
0.968225,19589
0.968393,19640
0.968562,19690
0.969152,19740
0.969827,19790
0.97008,19840
0.970248,19890
0.970586,19940
0.984411,19990
0.984579,20040
0.984748,20089
0.984917,20138
0.985507,20187
0.986181,20236
0.986434,20285
0.986603,20334
0.98694,20383
1.00077,20432
1.00093,20480
1.0011,20528
1.00127,20576
1.00144,20624
1.00203,20672
1.0027,20720
1.00287,20768
1.00313,20816
1.00346,20864
1.0172,20911
1.01737,20958
1.01754,21005
1.01771,21052
1.01788,21099
1.01855,21146
1.01923,21193
1.0194,21240
1.01965,21287
1.01999,21333
1.03364,21379
1.03381,21425
1.03398,21471
1.03415,21517
1.03432,21563
1.03491,21609
1.03558,21655
1.03584,21701
1.036,21747
1.03634,21792
1.05,21837
1.05017,21882
1.05033,21927
1.0505,21972
1.05067,22017
1.05126,22062
1.05194,22107
1.05219,22152
1.05236,22197
1.0527,22242
1.06635,22286
1.06652,22330
1.06669,22374
1.06686,22418
1.06703,22462
1.0672,22506
1.06779,22550
1.06846,22594
1.06863,22638
1.06888,22682
1.06922,22726
1.08279,22770
1.08296,22813
1.08313,22856
1.0833,22899
1.08347,22942
1.08363,22985
1.08431,23028
1.08498,23071
1.08515,23114
1.0854,23157
1.08574,23200
1.09923,23243
1.0994,23286
1.09957,23328
1.09974,23370
1.0999,23412
1.10007,23454
1.10083,23496
1.10142,23538
1.10168,23580
1.10184,23622
1.10218,23664
1.11558,23706
1.11575,23748
1.11592,23790
1.11609,23832
1.11626,23873
1.11643,23914
1.11719,23955
1.11778,23996
1.11803,24037
1.1182,24078
1.11854,24119
1.13211,24160
1.13228,24201
1.13245,24242
1.13262,24283
1.13279,24324
1.13295,24365
1.13354,24406
1.13413,24446
1.13438,24486
1.13455,24526
1.13489,24566
1.13523,24606
1.14939,24646
1.14956,24686
1.14973,24726
1.1499,24766
1.15007,24806
1.15024,24846
1.15066,24886
1.15125,24926
1.15142,24966
1.15167,25006
1.15201,25045
1.15234,25084
1.16668,25123
1.16685,25162
1.16702,25201
1.16718,25240
1.16735,25279
1.16752,25318
1.16794,25357
1.16853,25396
1.1687,25435
1.16896,25474
1.16921,25513
1.16955,25552
1.18405,25591
1.1843,25630
1.18447,25669
1.18464,25707
1.18481,25745
1.18498,25783
1.18531,25821
1.1859,25859
1.18616,25897
1.18633,25935
1.18666,25973
1.18692,26011
1.20192,26049
1.20218,26087
1.20235,26125
1.20251,26163
1.20268,26201
1.20285,26239
1.20319,26277
1.20378,26315
1.20403,26353
1.2042,26390
1.20454,26427
1.20479,26464
1.20504,26501
1.22073,26538
1.22098,26575
1.22115,26612
1.22132,26649
1.22149,26686
1.22166,26723
1.22208,26760
1.22267,26797
1.22284,26834
1.22309,26871
1.22334,26908
1.22368,26945
1.22393,26982
1.23978,27019
1.24004,27056
1.24021,27092
1.24037,27128
1.24054,27164
1.24071,27200
1.24113,27236
1.24172,27272
1.24189,27308
1.24215,27344
1.2424,27380
1.24274,27416
1.24299,27452
1.25892,27488
1.25918,27524
1.25935,27560
1.25952,27596
1.25968,27632
1.25985,27668
1.26019,27704
1.26078,27740
1.26103,27776
1.2612,27812
1.26154,27847
1.26179,27882
1.26204,27917
1.27849,27952
1.27874,27987
1.27891,28022
1.27908,28057
1.27925,28092
1.27941,28127
1.27975,28162
1.28034,28197
1.2806,28232
1.28076,28267
1.2811,28302
1.28135,28337
1.28161,28372
1.29847,28407
1.29881,28442
1.29898,28477
1.29915,28512
1.29931,28547
1.29948,28582
1.29974,28616
1.30007,28650
1.30066,28684
1.30083,28718
1.30108,28752
1.30134,28786
1.30168,28820
1.30193,28854
1.31921,28888
1.31955,28922
1.31972,28956
1.31989,28990
1.32006,29024
1.32023,29058
1.32048,29092
1.32082,29126
1.32141,29160
1.32157,29194
1.32183,29228
1.32208,29262
1.32242,29296
1.32267,29330
1.33987,29364
1.34021,29398
1.34038,29432
1.34055,29465
1.34072,29498
1.34088,29531
1.34105,29564
1.34147,29597
1.34206,29630
1.34232,29663
1.34249,29696
1.34282,29729
1.34308,29762
1.34333,29795
1.36061,29828
1.36095,29861
1.36121,29894
1.36137,29927
1.36154,29960
1.36171,29993
1.36188,30026
1.36222,30059
1.36281,30092
1.36306,30125
1.36323,30158
1.36357,30191
1.36382,30224
1.36407,30257
1.38186,30290
1.3822,30323
1.38245,30355
1.38262,30387
1.38279,30419
1.38296,30451
1.38313,30483
1.38338,30515
1.38372,30547
1.38431,30579
1.38456,30611
1.38481,30643
1.38507,30675
1.3854,30707
1.38566,30739
1.40412,30771
1.40446,30803
1.40463,30835
1.4048,30867
1.40497,30899
1.40514,30931
1.4053,30963
1.40564,30995
1.40598,31027
1.40657,31059
1.40682,31091
1.40708,31123
1.40733,31155
1.40767,31187
1.40792,31219
1.42655,31251
1.42689,31282
1.42706,31313
1.42723,31344
1.4274,31375
1.42756,31406
1.42773,31437
1.42807,31468
1.42841,31499
1.42891,31530
1.42925,31561
1.4295,31592
1.42984,31623
1.43009,31654
1.43035,31685
1.44898,31716
1.44932,31747
1.44957,31778
1.44974,31809
1.44991,31840
1.45008,31871
1.45025,31902
1.4505,31933
1.45084,31964
1.45134,31995
1.45168,32026
1.45193,32057
1.45227,32088
1.45252,32119
1.45278,32150
1.47183,32181
1.47217,32212
1.47242,32243
1.47259,32274
1.47276,32304
1.47293,32334
1.4731,32364
1.47335,32394
1.47369,32424
1.47419,32454
1.47453,32484
1.47478,32514
1.47504,32544
1.47529,32574
1.47563,32604
1.47596,32634
1.49561,32664
1.49603,32694
1.4962,32724
1.49637,32754
1.49654,32784
1.49671,32814
1.49688,32844
1.49721,32874
1.49755,32904
1.49806,32934
1.49839,32964
1.49856,32994
1.4989,33024
1.49915,33054
1.49949,33084
1.49983,33114
1.51964,33144
1.52006,33174
1.52023,33204
1.5204,33234
1.52057,33264
1.52074,33294
1.52091,33324
1.52124,33354
1.52158,33383
1.52209,33412
1.52242,33441
1.52259,33470
1.52293,33499
1.5231,33528
1.52344,33557
1.52377,33586
1.54384,33615
1.54426,33644
1.54452,33673
1.54469,33702
1.54485,33731
1.54502,33760
1.54519,33789
1.54544,33818
1.54578,33847
1.54629,33876
1.54662,33905
1.54688,33934
1.54713,33963
1.54738,33992
1.54764,34021
1.54797,34050
1.56838,34079
1.5688,34108
1.56905,34137
1.56922,34166
1.56939,34195
1.56956,34224
1.56973,34253
1.56998,34282
1.57032,34311
1.57082,34340
1.57116,34369
1.57141,34398
1.57167,34427
1.57192,34456
1.57217,34485
1.57243,34513
1.57276,34541
1.59384,34569
1.59435,34597
1.59452,34625
1.59469,34653
1.59486,34681
1.59502,34709
1.59519,34737
1.59553,34765
1.59587,34793
1.59637,34821
1.59671,34849
1.59688,34877
1.59722,34905
1.59739,34933
1.59772,34961
1.59798,34989
1.59831,35017
1.61956,35045
1.62007,35073
1.62024,35101
1.6204,35129
1.62057,35157
1.62074,35185
1.62091,35213
1.62125,35241
1.62159,35269
1.62209,35297
1.62243,35325
1.6226,35353
1.62293,35381
1.6231,35409
1.62344,35437
1.62369,35465
1.62403,35493
1.64545,35521
1.64595,35549
1.64621,35577
1.64638,35605
1.64654,35633
1.64671,35661
1.64688,35689
1.64713,35717
1.64747,35744
1.64798,35771
1.64831,35798
1.64857,35825
1.64882,35852
1.64907,35879
1.64933,35906
1.64958,35933
1.64992,35960
1.67167,35987
1.67218,36014
1.67243,36041
1.6726,36068
1.67277,36095
1.67294,36122
1.6731,36149
1.67336,36176
1.6737,36203
1.6742,36230
1.67454,36257
1.67479,36284
1.67504,36311
1.6753,36338
1.67555,36365
1.6758,36392
1.67614,36419
1.69849,36446
1.69899,36473
1.69933,36500
1.6995,36527
1.69967,36554
1.69983,36581
1.7,36608
1.70017,36635
1.70051,36662
1.70085,36689
1.70135,36716
1.70169,36743
1.70186,36770
1.7022,36797
1.70236,36824
1.7027,36851
1.70295,36878
1.70329,36905
1.7258,36932
1.72631,36959
1.72665,36986
1.72682,37013
1.72699,37040
1.72715,37066
1.72732,37092
1.72749,37118
1.72783,37144
1.72817,37170
1.72867,37196
1.72901,37222
1.72918,37248
1.72951,37274
1.72968,37300
1.73002,37326
1.73027,37352
1.73061,37378
1.75304,37404
1.75355,37430
1.75388,37456
1.75414,37482
1.7543,37508
1.75447,37534
1.75464,37560
1.75481,37586
1.75506,37612
1.7554,37638
1.75591,37664
1.75624,37690
1.7565,37716
1.75675,37742
1.757,37768
1.75726,37794
1.75751,37820
1.75785,37846
1.78053,37872
1.78103,37898
1.78137,37924
1.78162,37950
1.78179,37976
1.78196,38002
1.78213,38028
1.7823,38054
1.78255,38080
1.78289,38106
1.7834,38132
1.78373,38158
1.78399,38184
1.78424,38210
1.78449,38236
1.78474,38262
1.785,38288
1.78533,38314
1.80844,38340
1.80894,38366
1.80928,38392
1.80953,38418
1.8097,38444
1.80987,38470
1.81004,38495
1.81021,38520
1.81046,38545
1.81072,38570
1.81105,38595
1.81164,38620
1.81198,38645
1.81215,38670
1.81249,38695
1.81265,38720
1.81299,38745
1.81324,38770
1.81358,38795
1.83736,38820
1.83787,38845
1.8382,38870
1.83837,38895
1.83854,38920
1.83871,38945
1.83888,38970
1.83905,38995
1.83938,39020
1.83964,39045
1.83997,39070
1.84056,39095
1.8409,39120
1.84107,39145
1.84141,39170
1.84158,39195
1.84191,39220
1.84217,39245
1.8425,39270
1.86645,39295
1.86696,39320
1.86729,39345
1.86746,39370
1.86763,39395
1.8678,39420
1.86797,39445
1.86814,39470
1.86847,39495
1.86864,39520
1.86898,39545
1.86965,39570
1.86999,39595
1.87024,39620
1.8705,39645
1.87075,39670
1.871,39695
1.87126,39720
1.87159,39745
1.89571,39770
1.89622,39795
1.89655,39820
1.89681,39845
1.89697,39870
1.89714,39895
1.89731,39920
1.89748,39945
1.89773,39970
1.89799,39995
1.89824,40020
1.89891,40044
1.89925,40068
1.8995,40092
1.89976,40116
1.90001,40140
1.90026,40164
1.90052,40188
1.90085,40212
1.92531,40236
1.92581,40260
1.92615,40284
1.9264,40308
1.92657,40332
1.92674,40356
1.92691,40380
1.92708,40404
1.92733,40428
1.92758,40452
1.92784,40476
1.92809,40500
1.92876,40524
1.9291,40548
1.92935,40572
1.92969,40596
1.92986,40620
1.9302,40644
1.93045,40668
1.93079,40692
1.95591,40716
1.95642,40740
1.95676,40764
1.95693,40788
1.95709,40812
1.95726,40836
1.95743,40860
1.9576,40884
1.95794,40908
1.95811,40932
1.95844,40956
1.9587,40980
1.95937,41004
1.95971,41028
1.95996,41052
1.9603,41076
1.96047,41100
1.9608,41124
1.96106,41148
1.96139,41172
1.98669,41196
1.9872,41220
1.98753,41244
1.9877,41268
1.98787,41292
1.98804,41316
1.98821,41340
1.98838,41364
1.98871,41388
1.98888,41412
1.98922,41436
1.98947,41460
1.99015,41484
1.9904,41508
1.99074,41532
1.99099,41556
1.99124,41580
1.9915,41604
1.99183,41628
1.99217,41652
2.01764,41676
2.01814,41699
2.01848,41722
2.01873,41745
2.0189,41768
2.01907,41791
2.01924,41814
2.01941,41837
2.01966,41860
2.01991,41883
2.02017,41906
2.02042,41929
2.02109,41952
2.02143,41975
2.02168,41998
2.02194,42021
2.02227,42044
2.02244,42067
2.02278,42090
2.02312,42113
2.04892,42136
2.04942,42159
2.04976,42182
2.05002,42205
2.05018,42228
2.05035,42251
2.05052,42274
2.05069,42297
2.05094,42320
2.0512,42343
2.05145,42366
2.0517,42389
2.05238,42412
2.05271,42435
2.05297,42458
2.05322,42481
2.05356,42504
2.05373,42527
2.05398,42550
2.05432,42573
2.05465,42596
2.08104,42619
2.08164,42642
2.08197,42665
2.08214,42688
2.08231,42711
2.08248,42734
2.08265,42757
2.08282,42780
2.08315,42803
2.08332,42826
2.08366,42849
2.08391,42872
2.08459,42895
2.08484,42918
2.08518,42941
2.08543,42964
2.08568,42987
2.08585,43010
2.08619,43033
2.08653,43056
2.08686,43079
2.11342,43102
2.11401,43125
2.11435,43148
2.11452,43171
2.11469,43194
2.11486,43217
2.11503,43240
2.11519,43263
2.11553,43286
2.1157,43309
2.11604,43332
2.11629,43355
2.11697,43378
2.11722,43401
2.11756,43424
2.11781,43447
2.11806,43470
2.11823,43493
2.11848,43515
2.11882,43537
2.11916,43559
2.14597,43581
2.14656,43603
2.1469,43625
2.14715,43647
2.14732,43669
2.14749,43691
2.14766,43713
2.14783,43735
2.14808,43757
2.14833,43779
2.14859,43801
2.14884,43823
2.14951,43845
2.14985,43867
2.1501,43889
2.15036,43911
2.15069,43933
2.15086,43955
2.15103,43977
2.15137,43999
2.15171,44021
2.17902,44043
2.17962,44065
2.17995,44087
2.18021,44109
2.18037,44131
2.18054,44153
2.18071,44175
2.18088,44197
2.18113,44219
2.18139,44241
2.18164,44263
2.18189,44285
2.18257,44307
2.1829,44329
2.18316,44351
2.18341,44373
2.18375,44395
2.18392,44417
2.18408,44439
2.18442,44461
2.18476,44483
2.21267,2000
2.23822,2500
2.25457,2900
2.27101,3244
2.28754,3552
2.30389,3833
2.32025,4093
2.3366,4337
2.33677,4567
2.35304,4785
2.35321,4993
2.36948,5193
2.36973,5385
2.38592,5570
2.38609,5749
2.40227,5922
2.40252,6090
2.41871,6254
2.41897,6413
2.41922,6568
2.43592,6720
2.43617,6868
2.43651,7013
2.45371,7155
2.45396,7294
2.4543,7431
2.47141,7565
2.47175,7697
2.47209,7826
2.48929,7953
2.48963,8078
2.48996,8201
2.50759,8322
2.50792,8442
2.50818,8560
2.50851,8676
2.52664,8791
2.52707,8904
2.52723,9016
2.52757,9126
2.54629,9235
2.54671,9343
2.54688,9450
2.54713,9555
2.56585,9659
2.56636,9762
2.56661,9864
2.56686,9965
2.58558,10065
2.58609,10164
2.58634,10262
2.5866,10359
2.60574,10455
2.60599,10550
2.60649,10644
2.60666,10737
2.60692,10830
2.62673,10922
2.62698,11013
2.62741,11103
2.62757,11193
2.62783,11282
2.64823,11370
2.64849,11457
2.64891,11544
2.64908,11630
2.64933,11715
2.66965,11800
2.6699,11884
2.67032,11968
2.67058,12051
2.67083,12133
2.69149,12215
2.69174,12296
2.69216,12377
2.69242,12457
2.69259,12537
2.69284,12616
2.714,12695
2.71426,12773
2.71476,12851
2.71493,12928
2.7151,13005
2.71535,13081
2.73702,13157
2.73736,13233
2.73787,13308
2.73803,13383
2.7382,13457
2.73837,13531
2.75996,13604
2.76021,13677
2.7608,13750
2.76105,13822
2.76122,13894
2.76139,13965
2.78306,14036
2.78331,14107
2.7839,14177
2.78416,14247
2.78433,14317
2.78449,14386
2.80659,14455
2.80684,14524
2.80709,14592
2.80768,14660
2.80785,14728
2.80802,14795
2.80819,14862
2.83095,14929
2.83112,14995
2.83146,15061
2.83197,15127
2.83213,15193
2.8323,15258
2.83247,15323
2.85583,15388
2.856,15452
2.85633,15516
2.85684,15580
2.85701,15644
2.85718,15707
2.85735,15770
2.8807,15833
2.88096,15896
2.88121,15958
2.88172,16020
2.88197,16082
2.88214,16144
2.88231,16205
2.90591,16266
2.90617,16327
2.90642,16388
2.90693,16449
2.90718,16509
2.90735,16569
2.90752,16629
2.90769,16689
2.93189,16748
2.93214,16807
2.93248,16866
2.93298,16925
2.93315,16984
2.93332,17042
2.93349,17100
2.93366,17158
2.95845,17216
2.9587,17274
2.95904,17331
2.95954,17388
2.95971,17445
2.95988,17502
2.96005,17559
2.9603,17615
2.98492,17671
2.98526,17727
2.98551,17783
2.9861,17839
2.98636,17895
2.98652,17950
2.98669,18005
2.98695,18060
3.01182,18115
3.01216,18170
3.01241,18225
3.013,18279
3.01325,18333
3.01342,18387
3.01359,18441
3.01376,18495
3.01401,18549
3.03948,18602
3.03982,18655
3.04007,18708
3.04066,18761
3.04091,18814
3.04108,18867
3.04125,18920
3.04142,18972
3.04167,19024
3.06772,19076
3.06798,19128
3.06832,19180
3.06891,19232
3.06916,19283
3.06933,19334
3.0695,19385
3.06966,19436
3.07,19487
3.09589,19538
3.09623,19589
3.09648,19640
3.09707,19690
3.09741,19740
3.09766,19790
3.09783,19840
3.098,19890
3.09833,19940
3.12422,19990
3.12456,20040
3.12481,20089
3.1254,20138
3.12574,20187
3.12599,20236
3.12616,20285
3.12633,20334
3.12658,20383
3.15289,20432
3.15323,20480
3.15348,20528
3.15373,20576
3.15432,20624
3.15466,20672
3.15483,20720
3.155,20768
3.15516,20816
3.15542,20864
3.18232,20911
3.18265,20958
3.18282,21005
3.18316,21052
3.18375,21099
3.184,21146
3.18417,21193
3.18434,21240
3.18451,21287
3.18485,21333
3.21217,21379
3.2125,21425
3.21267,21471
3.21292,21517
3.21351,21563
3.21385,21609
3.21402,21655
3.21419,21701
3.21436,21747
3.21478,21792
3.24218,21837
3.24252,21882
3.24277,21927
3.24294,21972
3.24353,22017
3.24387,22062
3.24412,22107
3.24429,22152
3.24446,22197
3.24488,22242
3.27254,22286
3.27288,22330
3.27313,22374
3.2733,22418
3.27389,22462
3.27414,22506
3.27448,22550
3.27465,22594
3.27481,22638
3.27498,22682
3.27541,22726
3.30365,22770
3.30399,22813
3.30416,22856
3.30441,22899
3.305,22942
3.30525,22985
3.30551,23028
3.30568,23071
3.30584,23114
3.30601,23157
3.30643,23200
3.33527,23243
3.33561,23286
3.33578,23328
3.33603,23370
3.33662,23412
3.33687,23454
3.33713,23496
3.3373,23538
3.33746,23580
3.33772,23622
3.33805,23664
3.36681,23706
3.36715,23748
3.36748,23790
3.36765,23832
3.36824,23873
3.36849,23914
3.36883,23955
3.369,23996
3.36917,24037
3.36942,24078
3.36976,24119
3.39877,24160
3.3991,24201
3.39944,24242
3.39961,24283
3.4002,24324
3.40045,24365
3.40079,24406
3.40096,24446
3.40113,24486
3.40129,24526
3.40155,24566
3.40189,24606
3.43148,24646
3.43182,24686
3.43207,24726
3.43232,24766
3.43291,24806
3.43325,24846
3.43351,24886
3.43367,24926
3.43384,24966
3.43401,25006
3.43426,25045
3.4346,25084
3.4647,25123
3.46504,25162
3.46521,25201
3.46555,25240
3.46614,25279
3.46647,25318
3.46673,25357
3.4669,25396
3.46706,25435
3.46723,25474
3.46783,2000
3.52002,2500
3.53722,2900
3.55484,3244
3.57289,3552
3.59051,3833
3.60847,4093
3.6271,4337
3.62744,4567
3.64658,4785
3.64692,4993
3.66614,5193
3.66648,5385
3.68587,5570
3.68613,5749
3.70594,5922
3.7062,6090
3.72669,6254
3.72694,6413
3.72728,6568
3.74785,6720
3.74819,6868
3.74852,7013
3.76927,7155
3.7696,7294
3.76994,7431
3.79094,7565
3.79127,7697
3.79161,7826
3.81311,7953
3.81345,8078
3.81379,8201
3.83546,8322
3.83588,8442
3.83613,8560
3.83647,8676
3.85848,8791
3.8589,8904
3.85915,9016
3.85949,9126
3.882,9235
3.88242,9343
3.88276,9450
3.88302,9555
3.90578,9659
3.90629,9762
3.90654,9864
3.90679,9965
3.92956,10065
3.93007,10164
3.93032,10262
3.93066,10359
3.95351,10455
3.95384,10550
3.95427,10644
3.95452,10737
3.95486,10830
3.9783,10922
3.97863,11013
3.97906,11103
3.97931,11193
3.97965,11282
4.00368,11370
4.00401,11457
4.00435,11544
4.0046,11630
4.00486,11715
4.02931,11800
4.02965,11884
4.02998,11968
4.03024,12051
4.03058,12133
4.05503,12215
4.05537,12296
4.0557,12377
4.05604,12457
4.05621,12537
4.05655,12616
4.08142,12695
4.08176,12773
4.08209,12851
4.08235,12928
4.0826,13005
4.08294,13081
4.1084,13157
4.10874,13233
4.10908,13308
4.10925,13383
4.10958,13457
4.10984,13531
4.13555,13604
4.13589,13677
4.13623,13750
4.13648,13822
4.13673,13894
4.13699,13965
4.1627,14036
4.16313,14107
4.16346,14177
4.1638,14247
4.16397,14317
4.16431,14386
4.19028,14455
4.19053,14524
4.19095,14592
4.19129,14660
4.19154,14728
4.19179,14795
4.19205,14862
4.21878,14929
4.21911,14995
4.21954,15061
4.21987,15127
4.22004,15193
4.22038,15258
4.22063,15323
4.24787,15388
4.2482,15452
4.24863,15516
4.24888,15580
4.24913,15644
4.24939,15707
4.24964,15770
4.27679,15833
4.27713,15896
4.27755,15958
4.2778,16020
4.27814,16082
4.27831,16144
4.27864,16205
4.30605,16266
4.30639,16327
4.30681,16388
4.30706,16449
4.3074,16509
4.30757,16569
4.30782,16629
4.30807,16689
4.33624,16748
4.33666,16807
4.33708,16866
4.33733,16925
4.33758,16984
4.33775,17042
4.33809,17100
4.33834,17158
4.36701,17216
4.36743,17274
4.36786,17331
4.36811,17388
4.36836,17445
4.36853,17502
4.36878,17559
4.36904,17615
4.39754,17671
4.39796,17727
4.39846,17783
4.39872,17839
4.39905,17895
4.39922,17950
4.39939,18005
4.39973,18060
4.42848,18115
4.4289,18170
4.42941,18225
4.42966,18279
4.43,18333
4.43017,18387
4.43034,18441
4.43067,18495
4.43084,18549
4.46035,18602
4.46078,18655
4.46128,18708
4.46153,18761
4.46179,18814
4.46196,18867
4.46221,18920
4.46255,18972
4.4628,19024
4.49256,19076
4.49299,19128
4.49341,19180
4.49374,19232
4.49391,19283
4.49408,19334
4.49442,19385
4.49476,19436
4.49501,19487
4.52486,19538
4.52528,19589
4.52579,19640
4.52604,19690
4.52629,19740
4.52646,19790
4.52671,19840
4.52714,19890
4.5273,19940
4.55707,19990
4.55749,20040
4.558,20089
4.55825,20138
4.55859,20187
4.55876,20236
4.55892,20285
4.55935,20334
4.5596,20383
4.58979,20432
4.59021,20480
4.59046,20528
4.59097,20576
4.59122,20624
4.59147,20672
4.59164,20720
4.59189,20768
4.59231,20816
4.59257,20864
4.62352,2000
4.65429,2500
4.67604,2900
4.69257,3244
4.70951,3552
4.7262,3833
4.74256,4093
4.75891,4337
4.75917,4567
4.77594,4785
4.77628,4993
4.79289,5193
4.79323,5385
4.80984,5570
4.81009,5749
4.82704,5922
4.82729,6090
4.84441,6254
4.84475,6413
4.84509,6568
4.86271,6720
4.86305,6868
4.86338,7013
4.88134,7155
4.88168,7294
4.88202,7431
4.90015,7565
4.90048,7697
4.90082,7826
4.91895,7953
4.91929,8078
4.91962,8201
4.93809,8322
4.93843,8442
4.93868,8560
4.93902,8676
4.95816,8791
4.9585,8904
4.95875,9016
4.95909,9126
4.97848,9235
4.97882,9343
4.97907,9450
4.97932,9555
4.99905,9659
4.99939,9762
4.99964,9864
4.9999,9965
5.01971,10065
5.02005,10164
5.0203,10262
5.02056,10359
5.04079,10455
5.04113,10550
5.04138,10644
5.04164,10737
5.04189,10830
5.06229,10922
5.06272,11013
5.06297,11103
5.06322,11193
5.06347,11282
5.08455,11370
5.08489,11457
5.08523,11544
5.0854,11630
5.08565,11715
5.10715,11800
5.10749,11884
5.10783,11968
5.10799,12051
5.10825,12133
5.12992,12215
5.13026,12296
5.13059,12377
5.13085,12457
5.13101,12537
5.13127,12616
5.15311,12695
5.15353,12773
5.15386,12851
5.15412,12928
5.15429,13005
5.15454,13081
5.17705,13157
5.17747,13233
5.17781,13308
5.17798,13383
5.17815,13457
5.17849,13531
5.20134,13604
5.20176,13677
5.2021,13750
5.20226,13822
5.20243,13894
5.20277,13965
5.22562,14036
5.22604,14107
5.22638,14177
5.22663,14247
5.2268,14317
5.22705,14386
5.24982,14455
5.25007,14524
5.2505,14592
5.25092,14660
5.25117,14728
5.25134,14795
5.25159,14862
5.27495,14929
5.2752,14995
5.27562,15061
5.27604,15127
5.27621,15193
5.27638,15258
5.27672,15323
5.30075,15388
5.301,15452
5.30142,15516
5.30185,15580
5.30202,15644
5.30218,15707
5.30252,15770
5.32689,15833
5.32714,15896
5.32756,15958
5.32799,16020
5.32824,16082
5.32841,16144
5.32866,16205
5.35286,16266
5.35311,16327
5.35353,16388
5.35396,16449
5.35429,16509
5.35446,16569
5.35463,16629
5.35488,16689
5.37951,16748
5.37976,16807
5.38018,16866
5.3806,16925
5.38094,16984
5.38111,17042
5.38128,17100
5.38153,17158
5.40682,17216
5.40708,17274
5.4075,17331
5.40792,17388
5.40817,17445
5.40834,17502
5.40851,17559
5.40885,17615
5.43448,17671
5.43473,17727
5.43516,17783
5.43558,17839
5.43583,17895
5.436,17950
5.43617,18005
5.43651,18060
5.46231,18115
5.46256,18170
5.46298,18225
5.4634,18279
5.46374,18333
5.46391,18387
5.46408,18441
5.46425,18495
5.46458,18549
5.49064,18602
5.49089,18655
5.49131,18708
5.49174,18761
5.49207,18814
5.49224,18867
5.49241,18920
5.49258,18972
5.49292,19024
5.51965,19076
5.5199,19128
5.52032,19180
5.52074,19232
5.52099,19283
5.52116,19334
5.52133,19385
5.52158,19436
5.52192,19487
5.54899,19538
5.54924,19589
5.54966,19640
5.55008,19690
5.55034,19740
5.55051,19790
5.55067,19840
5.55093,19890
5.55127,19940
5.57833,19990
5.57858,20040
5.57901,20089
5.57943,20138
5.57977,20187
5.57993,20236
5.5801,20285
5.58027,20334
5.58061,20383
5.60759,20432
5.60801,20480
5.60818,20528
5.6086,20576
5.60902,20624
5.60936,20672
5.60953,20720
5.6097,20768
5.60987,20816
5.6102,20864
5.63786,20911
5.6382,20958
5.63845,21005
5.63887,21052
5.6393,21099
5.63955,21146
5.63972,21193
5.63989,21240
5.64014,21287
5.64048,21333
5.66889,21379
5.66914,21425
5.66948,21471
5.66982,21517
5.67024,21563
5.67049,21609
5.67066,21655
5.67083,21701
5.67108,21747
5.67142,21792
5.70017,21837
5.70051,21882
5.70076,21927
5.7011,21972
5.70152,22017
5.70186,22062
5.70203,22107
5.7022,22152
5.70237,22197
5.7027,22242
5.73112,22286
5.73154,22330
5.73179,22374
5.73213,22418
5.73255,22462
5.73281,22506
5.73314,22550
5.73331,22594
5.73348,22638
5.73365,22682
5.73399,22726
5.76308,22770
5.7635,22813
5.76375,22856
5.76409,22899
5.76451,22942
5.76476,22985
5.76502,23028
5.76518,23071
5.76535,23114
5.76561,23157
5.76594,23200
5.79571,23243
5.79613,23286
5.79647,23328
5.7968,23370
5.79714,23412
5.79748,23454
5.79765,23496
5.79782,23538
5.79799,23580
5.79832,23622
5.79858,23664
5.82859,23706
5.8291,23748
5.82935,23790
5.82969,23832
5.83011,23873
5.83036,23914
5.83062,23955
5.83079,23996
5.83095,24037
5.83121,24078
5.83146,24119
5.86131,24160
5.86182,24201
5.86207,24242
5.86241,24283
5.86291,24324
5.86316,24365
5.8635,24406
5.86367,24446
5.86384,24486
5.86401,24526
5.86426,24566
5.86451,24606
5.89453,24646
5.89504,24686
5.89529,24726
5.89563,24766
5.89613,24806
5.89639,24846
5.89664,24886
5.89681,24926
5.89698,24966
5.89715,25006
5.89748,25045
5.89774,25084
5.92556,25123
5.92573,25162
5.9259,25201
5.92607,25240
5.92624,25279
5.9264,25318
5.92657,25357
5.92674,25396
5.92691,25435
5.92708,25474
5.92725,25513
5.92742,25552
5.94192,25591
5.94208,25630
5.94225,25669
5.94242,25707
5.94259,25745
5.94276,25783
5.94293,25821
5.9431,25859
5.94327,25897
5.94343,25935
5.9436,25973
5.94377,26011
5.95827,26049
5.95844,26087
5.95861,26125
5.95878,26163
5.95895,26201
5.95912,26239
5.95929,26277
5.95945,26315
5.95962,26353
5.95979,26390
5.95996,26427
5.96013,26464
5.9603,26501
5.9748,26538
5.97505,26575
5.97522,26612
5.97539,26649
5.97556,26686
5.97572,26723
5.97589,26760
5.97606,26797
5.97623,26834
5.9764,26871
5.97657,26908
5.97674,26945
5.9769,26982
5.99132,27019
5.99149,27056
5.99166,27092
5.99183,27128
5.99199,27164
5.99216,27200
5.99233,27236
5.9925,27272
5.99267,27308
5.99284,27344
5.99301,27380
5.99317,27416
5.99334,27452
6.00776,27488
6.00793,27524
6.0081,27560
6.00826,27596
6.00843,27632
6.0086,27668
6.00877,27704
6.00894,27740
6.00911,27776
6.00928,27812
6.00944,27847
6.00961,27882
6.00978,27917
6.02411,27952
6.02428,27987
6.02445,28022
6.02462,28057
6.02479,28092
6.02496,28127
6.02513,28162
6.02529,28197
6.02546,28232
6.02563,28267
6.0258,28302
6.02597,28337
6.02614,28372
6.04047,28407
6.04072,28442
6.04089,28477
6.04106,28512
6.04123,28547
6.0414,28582
6.04156,28616
6.04173,28650
6.0419,28684
6.04207,28718
6.04224,28752
6.04241,28786
6.04258,28820
6.04291,28854
6.05742,28888
6.05767,28922
6.05784,28956
6.05801,28990
6.05818,29024
6.05834,29058
6.05851,29092
6.05868,29126
6.05885,29160
6.05902,29194
6.05919,29228
6.05936,29262
6.05961,29296
6.05995,29330
6.07504,29364
6.07529,29398
6.07546,29432
6.07563,29465
6.0758,29498
6.07597,29531
6.07614,29564
6.0763,29597
6.07647,29630
6.07664,29663
6.07681,29696
6.07698,29729
6.07715,29762
6.07749,29795
6.09292,29828
6.09317,29861
6.09334,29894
6.09351,29927
6.09367,29960
6.09384,29993
6.09401,30026
6.09418,30059
6.09435,30092
6.09452,30125
6.09469,30158
6.09486,30191
6.09502,30224
6.09528,30257
6.11071,30290
6.11104,30323
6.11121,30355
6.11138,30387
6.11155,30419
6.11172,30451
6.11189,30483
6.11206,30515
6.11222,30547
6.11239,30579
6.11256,30611
6.11273,30643
6.1129,30675
6.11307,30707
6.11332,30739
6.12917,30771
6.12951,30803
6.12968,30835
6.12985,30867
6.13002,30899
6.13019,30931
6.13035,30963
6.13052,30995
6.13069,31027
6.13086,31059
6.13103,31091
6.1312,31123
6.13137,31155
6.13153,31187
6.13187,31219
6.14815,31251
6.14848,31282
6.14874,31313
6.1489,31344
6.14907,31375
6.14924,31406
6.14941,31437
6.14958,31468
6.14975,31499
6.14992,31530
6.15008,31561
6.15025,31592
6.15042,31623
6.15067,31654
6.15093,31685
6.16762,31716
6.16796,31747
6.16821,31778
6.16838,31809
6.16855,31840
6.16872,31871
6.16889,31902
6.16906,31933
6.16923,31964
6.16939,31995
6.16956,32026
6.16973,32057
6.1699,32088
6.17007,32119
6.17041,32150
6.1871,32181
6.18744,32212
6.18769,32243
6.18786,32274
6.18803,32304
6.1882,32334
6.18837,32364
6.18853,32394
6.1887,32424
6.18887,32454
6.18904,32484
6.18921,32514
6.18938,32544
6.18955,32574
6.18972,32604
6.19005,32634
6.20708,32664
6.20751,32694
6.20768,32724
6.20784,32754
6.20801,32784
6.20818,32814
6.20835,32844
6.20852,32874
6.20869,32904
6.20886,32934
6.20902,32964
6.20919,32994
6.20936,33024
6.20953,33054
6.20978,33084
6.21012,33114
6.22749,33144
6.22791,33174
6.22808,33204
6.22825,33234
6.22842,33264
6.22859,33294
6.22876,33324
6.22892,33354
6.22909,33383
6.22926,33412
6.22943,33441
6.2296,33470
6.22977,33499
6.22994,33528
6.23027,33557
6.23053,33586
6.24823,33615
6.24874,33644
6.24899,33673
6.24916,33702
6.24933,33731
6.2495,33760
6.24967,33789
6.24984,33818
6.25,33847
6.25017,33876
6.25034,33905
6.25051,33934
6.25068,33963
6.25085,33992
6.25118,34021
6.25144,34050
6.26923,34079
6.26973,34108
6.26999,34137
6.27016,34166
6.27032,34195
6.27049,34224
6.27066,34253
6.27083,34282
6.271,34311
6.27117,34340
6.27134,34369
6.27151,34398
6.27167,34427
6.27184,34456
6.2721,34485
6.27235,34513
6.2726,34541
6.2909,34569
6.2914,34597
6.29157,34625
6.29174,34653
6.29191,34681
6.29208,34709
6.29225,34737
6.29242,34765
6.29259,34793
6.29275,34821
6.29292,34849
6.29309,34877
6.29326,34905
6.29343,34933
6.29368,34961
6.29393,34989
6.29419,35017
6.31291,35045
6.31333,35073
6.3135,35101
6.31367,35129
6.31383,35157
6.314,35185
6.31417,35213
6.31434,35241
6.31451,35269
6.31468,35297
6.31485,35325
6.31501,35353
6.31518,35381
6.31535,35409
6.31569,35437
6.31586,35465
6.3162,35493
6.335,35521
6.3355,35549
6.33567,35577
6.33584,35605
6.33601,35633
6.33618,35661
6.33635,35689
6.33652,35717
6.33668,35744
6.33685,35771
6.33702,35798
6.33719,35825
6.33736,35852
6.33753,35879
6.33795,35906
6.33812,35933
6.33846,35960
6.35743,35987
6.35785,36014
6.3581,36041
6.35827,36068
6.35844,36095
6.35861,36122
6.35878,36149
6.35895,36176
6.35911,36203
6.35928,36230
6.35945,36257
6.35962,36284
6.35979,36311
6.35996,36338
6.36038,36365
6.36063,36392
6.36088,36419
6.38011,36446
6.38053,36473
6.38078,36500
6.38095,36527
6.38112,36554
6.38129,36581
6.38146,36608
6.38163,36635
6.3818,36662
6.38196,36689
6.38213,36716
6.3823,36743
6.38247,36770
6.38264,36797
6.38281,36824
6.38323,36851
6.38357,36878
6.38382,36905
6.40347,36932
6.40397,36959
6.40423,36986
6.40439,37013
6.40456,37040
6.40473,37066
6.4049,37092
6.40507,37118
6.40524,37144
6.40541,37170
6.40557,37196
6.40574,37222
6.40591,37248
6.40608,37274
6.40625,37300
6.40667,37326
6.40692,37352
6.40726,37378
6.42733,37404
6.42783,37430
6.42809,37456
6.42826,37482
6.42842,37508
6.42859,37534
6.42876,37560
6.42893,37586
6.4291,37612
6.42927,37638
6.42944,37664
6.42961,37690
6.42977,37716
6.42994,37742
6.4302,37768
6.43053,37794
6.43079,37820
6.43112,37846
6.45144,37872
6.45203,37898
6.45237,37924
6.45254,37950
6.45271,37976
6.45288,38002
6.45305,38028
6.45322,38054
6.45338,38080
6.45355,38106
6.45372,38132
6.45389,38158
6.45406,38184
6.45423,38210
6.45448,38236
6.45482,38262
6.45507,38288
6.45541,38314
6.4759,38340
6.4764,38366
6.47674,38392
6.47691,38418
6.47708,38444
6.47725,38470
6.47741,38495
6.47758,38520
6.47775,38545
6.47792,38570
6.47809,38595
6.47826,38620
6.47843,38645
6.4786,38670
6.47876,38695
6.47902,38720
6.47935,38745
6.47961,38770
6.47994,38795
6.50094,38820
6.50153,38845
6.50178,38870
6.50195,38895
6.50212,38920
6.50229,38945
6.50246,38970
6.50263,38995
6.5028,39020
6.50296,39045
6.50313,39070
6.5033,39095
6.50347,39120
6.50364,39145
6.50381,39170
6.50406,39195
6.5044,39220
6.50465,39245
6.50499,39270
6.5264,39295
6.527,39320
6.52716,39345
6.52733,39370
6.5275,39395
6.52767,39420
6.52784,39445
6.52801,39470
6.52818,39495
6.52834,39520
6.52851,39545
6.52868,39570
6.52885,39595
6.52902,39620
6.52919,39645
6.52952,39670
6.52978,39695
6.53003,39720
6.53037,39745
6.55195,39770
6.55254,39795
6.5528,39820
6.55297,39845
6.55313,39870
6.5533,39895
6.55347,39920
6.55364,39945
6.55381,39970
6.55398,39995
6.55415,40020
6.55431,40044
6.55448,40068
6.55465,40092
6.55482,40116
6.55524,40140
6.5555,40164
6.55575,40188
6.55609,40212
6.57776,40236
6.57826,40260
6.5786,40284
6.57877,40308
6.57894,40332
6.5791,40356
6.57927,40380
6.57944,40404
6.57961,40428
6.57978,40452
6.57995,40476
6.58012,40500
6.58029,40524
6.58045,40548
6.58062,40572
6.58096,40596
6.5813,40620
6.58155,40644
6.5818,40668
6.58214,40692
6.60432,40716
6.60491,40740
6.60516,40764
6.60533,40788
6.6055,40812
6.60567,40836
6.60583,40860
6.606,40884
6.60617,40908
6.60634,40932
6.60651,40956
6.60668,40980
6.60685,41004
6.60701,41028
6.60718,41052
6.60752,41076
6.60786,41100
6.60811,41124
6.60845,41148
6.60879,41172
6.63155,41196
6.63214,41220
6.63231,41244
6.63248,41268
6.63265,41292
6.63282,41316
6.63299,41340
6.63315,41364
6.63332,41388
6.63349,41412
6.63366,41436
6.63383,41460
6.634,41484
6.63417,41508
6.63433,41532
6.63459,41556
6.63492,41580
6.63518,41604
6.63551,41628
6.63585,41652
6.65887,41676
6.65946,41699
6.65971,41722
6.65988,41745
6.66005,41768
6.66022,41791
6.66039,41814
6.66056,41837
6.66073,41860
6.6609,41883
6.66106,41906
6.66123,41929
6.6614,41952
6.66157,41975
6.66174,41998
6.66199,42021
6.66233,42044
6.66258,42067
6.66292,42090
6.66334,42113
6.68619,42136
6.68678,42159
6.6872,42182
6.68737,42205
6.68754,42228
6.68771,42251
6.68788,42274
6.68805,42297
6.68821,42320
6.68838,42343
6.68855,42366
6.68872,42389
6.68889,42412
6.68906,42435
6.68923,42458
6.68948,42481
6.68973,42504
6.69007,42527
6.69032,42550
6.69066,42573
6.69108,42596
6.71452,42619
6.71511,42642
6.71545,42665
6.71562,42688
6.71579,42711
6.71596,42734
6.71612,42757
6.71629,42780
6.71646,42803
6.71663,42826
6.7168,42849
6.71697,42872
6.71714,42895
6.71731,42918
6.71747,42941
6.71773,42964
6.71798,42987
6.71832,43010
6.71857,43033
6.71891,43056
6.71933,43079
6.74336,43102
6.74403,43125
6.74429,43148
6.74446,43171
6.74462,43194
6.74479,43217
6.74496,43240
6.74513,43263
6.7453,43286
6.74547,43309
6.74564,43332
6.74581,43355
6.74597,43378
6.74614,43401
6.74631,43424
6.74656,43447
6.74682,43470
6.74715,43493
6.74732,43515
6.74766,43537
6.74808,43559
6.77228,43581
6.77296,43603
6.77329,43625
6.77346,43647
6.77363,43669
6.7738,43691
6.77397,43713
6.77414,43735
6.77431,43757
6.77447,43779
6.77464,43801
6.77481,43823
6.77498,43845
6.77515,43867
6.77532,43889
6.77557,43911
6.77582,43933
6.77616,43955
6.77633,43977
6.77667,43999
6.77709,44021
6.80137,44043
6.80205,44065
6.80238,44087
6.80272,44109
6.80289,44131
6.80306,44153
6.80323,44175
6.8034,44197
6.80356,44219
6.80373,44241
6.8039,44263
6.80407,44285
6.80424,44307
6.80441,44329
6.80458,44351
6.80483,44373
6.80508,44395
6.80542,44417
6.80559,44439
6.80593,44461
6.80635,44483
6.8066,44505
6.83131,44527
6.83198,44549
6.83232,44571
6.83257,44593
6.83274,44615
6.83291,44637
6.83308,44659
6.83325,44681
6.83341,44703
6.83358,44725
6.83375,44747
6.83392,44769
6.83409,44791
6.83426,44813
6.83443,44835
6.83468,44857
6.83493,44879
6.83527,44901
6.83544,44923
6.83577,44945
6.8362,44967
6.83645,44989
6.86166,45011
6.86234,45033
6.86267,45055
6.86284,45077
6.86301,45099
6.86318,45121
6.86335,45143
6.86352,45165
6.86368,45187
6.86385,45209
6.86402,45231
6.86419,45253
6.86436,45275
6.86453,45297
6.8647,45319
6.86495,45341
6.8652,45363
6.86554,45385
6.86571,45407
6.86605,45429
6.86647,45451
6.86672,45473
6.89218,45494
6.89278,45515
6.89311,45536
6.89328,45557
6.89345,45578
6.89362,45599
6.89379,45620
6.89396,45641
6.89412,45662
6.89429,45683
6.89446,45704
6.89463,45725
6.8948,45746
6.89497,45767
6.89514,45788
6.89539,45809
6.89564,45830
6.89598,45851
6.89615,45872
6.89649,45893
6.89691,45914
6.89716,45935
6.92279,45956
6.92338,45977
6.92372,45998
6.92397,46019
6.92414,46040
6.92431,46061
6.92448,46082
6.92465,46103
6.92482,46124
6.92499,46145
6.92515,46166
6.92532,46187
6.92549,46208
6.92566,46229
6.92583,46250
6.92608,46271
6.92633,46292
6.92676,46313
6.92692,46334
6.92726,46355
6.92768,46376
6.92794,46397
6.95357,46418
6.95416,46439
6.9545,46460
6.95483,46481
6.955,46502
6.95517,46523
6.95534,46544
6.95551,46565
6.95568,46586
6.95585,46607
6.95602,46628
6.95618,46649
6.95635,46670
6.95652,46691
6.95669,46712
6.95694,46733
6.9572,46754
6.95745,46775
6.95787,46796
6.95804,46817
6.95838,46838
6.9588,46859
6.95905,46880
6.98527,46901
6.98586,46922
6.9862,46943
6.98645,46964
6.98662,46985
6.98679,47006
6.98696,47027
6.98713,47048
6.9873,47069
6.98747,47090
6.98764,47111
6.9878,47132
6.98797,47153
6.98814,47174
6.98831,47195
6.98856,47216
6.98882,47237
6.98907,47258
6.98949,47279
6.98974,47300
6.99008,47321
6.9905,47342
6.99076,47363
7.01757,47384
7.01816,47405
7.0185,47426
7.01866,47447
7.01883,47468
7.019,47489
7.01917,47510
7.01934,47531
7.01951,47552
7.01968,47573
7.01985,47594
7.02001,47615
7.02018,47636
7.02035,47656
7.02052,47676
7.02069,47696
7.02103,47716
7.02119,47736
7.02162,47756
7.02187,47776
7.02221,47796
7.02263,47816
7.02288,47836
7.04995,47856
7.05054,47876
7.05088,47896
7.05113,47916
7.0513,47936
7.05147,47956
7.05163,47976
7.0518,47996
7.05197,48016
7.05214,48036
7.05231,48056
7.05248,48076
7.05265,48096
7.05281,48116
7.05298,48136
7.05315,48156
7.05349,48176
7.05366,48196
7.05408,48216
7.05433,48236
7.05467,48256
7.05518,48276
7.05543,48296
7.08233,48316
7.083,48336
7.08334,48356
7.08368,48376
7.08384,48396
7.08401,48416
7.08418,48436
7.08435,48456
7.08452,48476
7.08469,48496
7.08486,48516
7.08502,48536
7.08519,48556
7.08536,48576
7.08553,48596
7.0857,48616
7.08604,48636
7.08621,48656
7.08646,48676
7.08688,48696
7.08713,48716
7.08747,48736
7.08798,48756
7.08823,48776
7.11555,48796
7.11622,48816
7.11656,48836
7.11681,48856
7.11698,48876
7.11715,48896
7.11732,48916
7.11749,48936
7.11766,48956
7.11783,48976
7.11799,48996
7.11816,49016
7.11833,49036
7.1185,49056
7.11867,49076
7.11884,49096
7.11917,49116
7.11934,49136
7.1196,49156
7.12002,49176
7.12027,49196
7.12061,49216
7.12111,49236
7.12145,49256
7.14793,49276
7.1481,49296
7.14826,49316
7.14843,49336
7.1486,49356
7.14877,49376
7.14894,49396
7.14911,49416
7.14928,49436
7.14945,49456
7.14961,49476
7.14978,49496
7.14995,49516
7.15012,49536
7.15029,49556
7.15046,49576
7.15071,49596
7.15096,49616
7.15113,49636
7.15155,49656
7.15181,49676
7.15214,49696
7.15265,49716
7.15299,49736
7.17053,49756
7.17069,49776
7.17086,49796
7.17103,49816
7.1712,49836
7.17137,49856
7.17154,49876
7.17171,49896
7.17187,49916
7.17204,49936
7.17221,49956
7.17238,49976
7.17255,49996
7.17272,50016
7.17289,50035
7.17305,50054
7.17331,50073
7.17356,50092
7.17373,50111
7.17415,50130
7.1744,50149
7.17474,50168
7.17525,50187
7.17558,50206
7.19312,50225
7.19329,50244
7.19346,50263
7.19363,50282
7.1938,50301
7.19397,50320
7.19413,50339
7.1943,50358
7.19447,50377
7.19464,50396
7.19481,50415
7.19498,50434
7.19515,50453
7.19532,50472
7.19548,50491
7.19565,50510
7.19591,50529
7.19616,50548
7.19633,50567
7.19658,50586
7.197,50605
7.19725,50624
7.19759,50643
7.1981,50662
7.19835,50681
7.2164,50700
7.21656,50719
7.21673,50738
7.2169,50757
7.21707,50776
7.21724,50795
7.21741,50814
7.21758,50833
7.21774,50852
7.21791,50871
7.21808,50890
7.21825,50909
7.21842,50928
7.21859,50947
7.21876,50966
7.21892,50985
7.21918,51004
7.21943,51023
7.2196,51042
7.21985,51061
7.22027,51080
7.22053,51099
7.22086,51118
7.22137,51137
7.22162,51156
7.24009,51175
7.24026,51194
7.24043,51213
7.2406,51232
7.24076,51251
7.24093,51270
7.2411,51289
7.24127,51308
7.24144,51327
7.24161,51346
7.24178,51365
7.24194,51384
7.24211,51403
7.24228,51422
7.24245,51441
7.24262,51460
7.24287,51479
7.24312,51498
7.24329,51517
7.24346,51536
7.24388,51555
7.24414,51574
7.24447,51593
7.24498,51612
7.24532,51631
7.26378,51650
7.26395,51669
7.26412,51688
7.26429,51707
7.26446,51726
7.26463,51745
7.2648,51764
7.26496,51783
7.26513,51802
7.2653,51821
7.26547,51840
7.26564,51859
7.26581,51878
7.26598,51897
7.26614,51916
7.26631,51935
7.26657,51954
7.26682,51973
7.26699,51992
7.26716,52011
7.26758,52030
7.26783,52049
7.26817,52068
7.26867,52087
7.26901,52106
7.28773,52125
7.2879,52144
7.28807,52163
7.28824,52182
7.2884,52201
7.28857,52220
7.28874,52239
7.28891,52258
7.28908,52277
7.28925,52296
7.28942,52315
7.28959,52334
7.28975,52353
7.28992,52372
7.29009,52391
7.29026,52410
7.29051,52429
7.29077,52448
7.29093,52467
7.2911,52486
7.29144,52505
7.29178,52524
7.29203,52543
7.29237,52562
7.29287,52581
7.29313,52600
7.31244,52619
7.3126,52638
7.31277,52656
7.31294,52674
7.31311,52692
7.31328,52710
7.31345,52728
7.31362,52746
7.31378,52764
7.31395,52782
7.31412,52800
7.31429,52818
7.31446,52836
7.31463,52854
7.3148,52872
7.31497,52890
7.31522,52908
7.31547,52926
7.31564,52944
7.31581,52962
7.31615,52980
7.31648,52998
7.31674,53016
7.31707,53034
7.31758,53052
7.31783,53070
7.33748,53088
7.33765,53106
7.33782,53124
7.33798,53142
7.33815,53160
7.33832,53178
7.33849,53196
7.33866,53214
7.33883,53232
7.339,53250
7.33917,53268
7.33933,53286
7.3395,53304
7.33967,53322
7.33984,53340
7.34001,53358
7.34026,53376
7.3406,53394
7.34077,53412
7.34094,53430
7.34127,53448
7.34161,53466
7.34186,53484
7.34212,53502
7.34262,53520
7.34296,53538
7.36277,53556
7.36303,53574
7.3632,53592
7.36337,53610
7.36353,53628
7.3637,53646
7.36387,53664
7.36404,53682
7.36421,53700
7.36438,53718
7.36455,53736
7.36471,53754
7.36488,53772
7.36505,53790
7.36522,53808
7.36539,53826
7.36556,53844
7.36589,53862
7.36606,53880
7.36623,53898
7.36657,53916
7.36691,53934
7.36716,53952
7.36741,53970
7.36792,53988
7.36826,54006
7.38799,54024
7.38824,54042
7.38841,54060
7.38858,54078
7.38875,54096
7.38891,54114
7.38908,54132
7.38925,54150
7.38942,54168
7.38959,54186
7.38976,54204
7.38993,54222
7.39009,54240
7.39026,54258
7.39043,54276
7.3906,54294
7.39077,54312
7.39111,54330
7.39128,54348
7.39144,54366
7.39178,54384
7.3922,54402
7.39246,54420
7.39271,54438
7.39321,54456
7.39355,54474
7.3938,54492
7.41413,54510
7.41438,54528
7.41455,54546
7.41472,54564
7.41488,54582
7.41505,54600
7.41522,54618
7.41539,54636
7.41556,54654
7.41573,54672
7.4159,54690
7.41607,54708
7.41623,54726
7.4164,54744
7.41657,54762
7.41674,54780
7.41699,54798
7.41725,54816
7.41741,54834
7.41767,54852
7.418,54870
7.41843,54888
7.41868,54906
7.41893,54924
7.41944,54942
7.41978,54960
7.42003,54978
7.44069,54996
7.44094,55014
7.44111,55032
7.44128,55050
7.44145,55068
7.44161,55086
7.44178,55104
7.44195,55122
7.44212,55140
7.44229,55158
7.44246,55176
7.44263,55194
7.44279,55212
7.44296,55230
7.44313,55248
7.4433,55266
7.44355,55284
7.44381,55302
7.44398,55320
7.44423,55338
7.44457,55356
7.44499,55374
7.44524,55392
7.44558,55410
7.44608,55428
7.44642,55446
7.44667,55464
7.46767,55482
7.46792,55500
7.46809,55518
7.46826,55536
7.46843,55554
7.4686,55572
7.46877,55589
7.46893,55606
7.4691,55623
7.46927,55640
7.46944,55657
7.46961,55674
7.46978,55691
7.46995,55708
7.47011,55725
7.47028,55742
7.47045,55759
7.47079,55776
7.47096,55793
7.47113,55810
7.47146,55827
7.47188,55844
7.47214,55861
7.47248,55878
7.47298,55895
7.47332,55912
7.47357,55929
7.49448,55946
7.49482,55963
7.49499,55980
7.49516,55997
7.49533,56014
7.49549,56031
7.49566,56048
7.49583,56065
7.496,56082
7.49617,56099
7.49634,56116
7.49651,56133
7.49668,56150
7.49684,56167
7.49701,56184
7.49718,56201
7.49735,56218
7.49769,56235
7.49786,56252
7.49802,56269
7.49836,56286
7.49878,56303
7.49904,56320
7.49937,56337
7.49988,56354
7.5003,56371
7.50055,56388
7.52172,56405
7.52206,56422
7.52222,56439
7.52239,56456
7.52256,56473
7.52273,56490
7.5229,56507
7.52307,56524
7.52324,56541
7.5234,56558
7.52357,56575
7.52374,56592
7.52391,56609
7.52408,56626
7.52425,56643
7.52442,56660
7.52458,56677
7.52492,56694
7.52509,56711
7.52526,56728
7.52551,56745
7.52585,56762
7.52627,56779
7.52652,56796
7.52686,56813
7.52737,56830
7.52779,56847
7.52804,56864
7.5498,56881
7.55005,56898
7.55022,56915
7.55039,56932
7.55056,56949
7.55072,56966
7.55089,56983
7.55106,57000
7.55123,57017
7.5514,57034
7.55157,57051
7.55174,57068
7.5519,57085
7.55207,57102
7.55224,57119
7.55241,57136
7.55258,57153
7.55292,57170
7.55309,57187
7.55325,57204
7.55351,57221
7.55384,57238
7.55427,57255
7.55452,57272
7.55486,57289
7.55536,57306
7.55578,57323
7.55612,57340
7.5783,57357
7.57855,57374
7.57872,57391
7.57889,57408
7.57906,57425
7.57922,57442
7.57939,57459
7.57956,57476
7.57973,57493
7.5799,57510
7.58007,57527
7.58024,57544
7.5804,57561
7.58057,57578
7.58074,57595
7.58091,57612
7.58108,57629
7.58133,57646
7.58159,57663
7.58175,57680
7.58192,57697
7.58226,57714
7.58268,57731
7.58293,57748
7.58327,57765
7.58378,57782
7.5842,57799
7.58454,57816
7.6068,57833
7.60713,57850
7.6073,57867
7.60747,57884
7.60764,57901
7.60781,57918
7.60798,57935
7.60815,57952
7.60831,57969
7.60848,57986
7.60865,58003
7.60882,58020
7.60899,58037
7.60916,58054
7.60933,58071
7.6095,58088
7.60966,58105
7.60992,58122
7.61017,58139
7.61034,58156
7.61051,58173
7.61084,58190
7.61127,58207
7.61152,58224
7.61186,58241
7.61236,58258
7.61278,58275
7.61312,58292
7.63555,58309
7.63589,58326
7.63606,58343
7.63622,58360
7.63639,58377
7.63656,58394
7.63673,58411
7.6369,58428
7.63707,58445
7.63724,58462
7.63741,58479
7.63757,58496
7.63774,58513
7.63791,58530
7.63808,58547
7.63825,58564
7.63842,58581
7.63867,58598
7.63892,58615
7.63909,58632
7.63926,58649
7.63951,58666
7.63985,58683
7.64027,58700
7.64052,58717
7.64086,58734
7.64137,58751
7.64179,58768
7.64213,58785
7.66523,58802
7.66548,58819
7.66565,58836
7.66582,58852
7.66599,58868
7.66616,58884
7.66633,58900
7.6665,58916
7.66666,58932
7.66683,58948
7.667,58964
7.66717,58980
7.66734,58996
7.66751,59012
7.66768,59028
7.66784,59044
7.66801,59060
7.66827,59076
7.66852,59092
7.66869,59108
7.66886,59124
7.66911,59140
7.66945,59156
7.66987,59172
7.67012,59188
7.67046,59204
7.67096,59220
7.67139,59236
7.67172,59252
7.69525,59268
7.6955,59284
7.69567,59300
7.69584,59316
7.69601,59332
7.69618,59348
7.69634,59364
7.69651,59380
7.69668,59396
7.69685,59412
7.69702,59428
7.69719,59444
7.69736,59460
7.69753,59476
7.69769,59492
7.69786,59508
7.69803,59524
7.6982,59540
7.69854,59556
7.69871,59572
7.69887,59588
7.69904,59604
7.69938,59620
7.6998,59636
7.70005,59652
7.70039,59668
7.7009,59684
7.70132,59700
7.70166,59716
7.72535,59732
7.72569,59748
7.72586,59764
7.72603,59780
7.72619,59796
7.72636,59812
7.72653,59828
7.7267,59844
7.72687,59860
7.72704,59876
7.72721,59892
7.72737,59908
7.72754,59924
7.72771,59940
7.72788,59956
7.72805,59972
7.72822,59988
7.72839,60004
7.72872,60020
7.72889,60036
7.72906,60052
7.72923,60068
7.72957,60084
7.72999,60100
7.73024,60116
7.73058,60132
7.73108,60148
7.73151,60164
7.73184,60180
7.75579,60196
7.75613,60212
7.7563,60228
7.75646,60244
7.75663,60260
7.7568,60276
7.75697,60292
7.75714,60308
7.75731,60324
7.75748,60340
7.75765,60356
7.75781,60372
7.75798,60388
7.75815,60404
7.75832,60420
7.75849,60436
7.75866,60452
7.75883,60468
7.75916,60484
7.75933,60500
7.7595,60516
7.75967,60532
7.75992,60548
7.76026,60564
7.76068,60580
7.76093,60596
7.76127,60612
7.76178,60628
7.7622,60644
7.76254,60660
7.78699,60676
7.78724,60692
7.78741,60708
7.78758,60724
7.78775,60740
7.78792,60756
7.78808,60772
7.78825,60788
7.78842,60804
7.78859,60820
7.78876,60836
7.78893,60852
7.7891,60868
7.78927,60884
7.78943,60900
7.7896,60916
7.78977,60932
7.78994,60948
7.79028,60964
7.79045,60980
7.79061,60996
7.79078,61012
7.79104,61028
7.79137,61044
7.7918,61060
7.79205,61076
7.79239,61092
7.79289,61108
7.79331,61124
7.79365,61140
7.81869,61156
7.81895,61172
7.81911,61188
7.81928,61204
7.81945,61220
7.81962,61236
7.81979,61252
7.81996,61268
7.82013,61284
7.8203,61300
7.82046,61316
7.82063,61332
7.8208,61348
7.82097,61364
7.82114,61380
7.82131,61396
7.82148,61412
7.82164,61428
7.82198,61444
7.82215,61460
7.82232,61476
7.82249,61492
7.82266,61508
7.82299,61524
7.82342,61540
7.82367,61556
7.82401,61572
7.82451,61588
7.82493,61604
7.82527,61620
7.85031,61636
7.85065,61652
7.85082,61668
7.85099,61684
7.85116,61700
7.85132,61716
7.85149,61732
7.85166,61748
7.85183,61764
7.852,61780
7.85217,61796
7.85234,61812
7.85251,61828
7.85267,61844
7.85284,61860
7.85301,61876
7.85318,61892
7.85335,61908
7.85369,61924
7.85385,61940
7.85402,61956
7.85419,61972
7.85436,61988
7.8547,62004
7.85512,62020
7.85537,62036
7.85571,62052
7.85622,62068
7.85664,62084
7.85697,62100
7.88227,62116
7.88261,62132
7.88278,62148
7.88294,62164
7.88311,62180
7.88328,62196
7.88345,62212
7.88362,62228
7.88379,62244
7.88396,62260
7.88413,62276
7.88429,62292
7.88446,62308
7.88463,62324
7.8848,62340
7.88497,62356
7.88514,62372
7.88531,62388
7.88564,62404
7.88581,62420
7.88598,62436
7.88615,62452
7.88632,62468
7.88674,62484
7.88708,62500
7.88741,62516
7.88767,62531
7.888,62546
7.88851,62561
7.88893,62576
7.88927,62591
7.9149,62606
7.91516,62621
7.91532,62636
7.91549,62651
7.91566,62666
7.91583,62681
7.916,62696
7.91617,62711
7.91634,62726
7.9165,62741
7.91667,62756
7.91684,62771
7.91701,62786
7.91718,62801
7.91735,62816
7.91752,62831
7.91768,62846
7.91794,62861
7.91819,62876
7.91836,62891
7.91853,62906
7.9187,62921
7.91895,62936
7.91937,62951
7.91971,62966
7.92005,62981
7.9203,62996
7.92064,63011
7.92114,63026
7.92156,63041
7.9219,63056
7.94804,63071
7.94829,63086
7.94846,63101
7.94863,63116
7.9488,63131
7.94897,63146
7.94914,63161
7.9493,63176
7.94947,63191
7.94964,63206
7.94981,63221
7.94998,63236
7.95015,63251
7.95032,63266
7.95049,63281
7.95065,63296
7.95082,63311
7.95108,63326
7.95133,63341
7.9515,63356
7.95167,63371
7.95183,63386
7.95209,63401
7.95251,63416
7.95285,63431
7.95327,63446
7.95352,63461
7.95386,63476
7.95462,2000
7.98725,2500
8.01246,2900
8.03708,3244
8.06221,3552
8.08767,3833
8.11322,4093
8.13902,4337
8.13936,4567
8.1655,4785
8.16584,4993
8.19248,5193
8.19282,5385
8.21963,5570
8.21989,5749
8.24704,5922
8.24729,6090
8.2747,6254
8.27503,6413
8.2752,6568
8.30311,6720
8.30345,6868
8.30362,7013
8.33178,7155
8.33203,7294
8.33229,7431
8.36062,7565
8.36087,7697
8.36112,7826
8.38962,7953
8.38996,8078
8.39013,8201
8.41914,8322
8.41947,8442
8.41973,8560
8.41989,8676
8.44915,8791
8.44949,8904
8.44966,9016
8.44991,9126
8.47934,9235
8.47959,9343
8.47976,9450
8.4801,9555
8.51003,9659
8.51037,9762
8.51054,9864
8.51079,9965
8.54089,10065
8.54132,10164
8.54157,10262
8.54174,10359
8.57201,10455
8.57235,10550
8.57268,10644
8.57285,10737
8.5731,10830
8.60363,10922
8.60405,11013
8.6043,11103
8.60447,11193
8.60481,11282
8.63559,11370
8.63601,11457
8.63626,11544
8.63643,11630
8.63668,11715
8.66788,11800
8.66839,11884
8.66872,11968
8.66889,12051
8.66906,12133
8.70051,12215
8.70102,12296
8.70135,12377
8.70152,12457
8.70169,12537
8.70203,12616
8.73365,12695
8.73416,12773
8.73449,12851
8.73466,12928
8.73491,13005
8.73525,13081
8.76679,13157
8.76729,13233
8.76763,13308
8.7678,13383
8.76805,13457
8.7683,13531
8.79259,13604
8.7931,13677
8.79352,13750
8.79369,13822
8.79385,13894
8.79419,13965
8.80962,14036
8.80979,14107
8.80996,14177
8.81013,14247
8.8103,14317
8.81055,14386
8.82606,14455
8.82623,14524
8.8264,14592
8.82657,14660
8.82674,14728
8.8269,14795
8.82707,14862
8.84275,14929
8.84292,14995
8.84309,15061
8.84326,15127
8.84343,15193
8.8436,15258
8.84376,15323
8.85945,15388
8.85962,15452
8.85978,15516
8.85995,15580
8.86012,15644
8.86029,15707
8.86046,15770
8.87589,15833
8.87606,15896
8.87623,15958
8.8764,16020
8.87656,16082
8.87673,16144
8.8769,16205
8.89242,16266
8.89258,16327
8.89275,16388
8.89292,16449
8.89309,16509
8.89326,16569
8.89343,16629
8.89368,16689
8.90962,16748
8.90979,16807
8.90995,16866
8.91012,16925
8.91029,16984
8.91046,17042
8.91063,17100
8.91097,17158
8.92724,17216
8.92741,17274
8.92758,17331
8.92775,17388
8.92791,17445
8.92808,17502
8.92825,17559
8.9285,17615
8.94512,17671
8.94537,17727
8.94554,17783
8.94571,17839
8.94587,17895
8.94604,17950
8.94621,18005
8.94638,18060
8.96324,18115
8.9635,18170
8.96367,18225
8.96384,18279
8.964,18333
8.96417,18387
8.96434,18441
8.96451,18495
8.96468,18549
8.98154,18602
8.98171,18655
8.98188,18708
8.98205,18761
8.98222,18814
8.98239,18867
8.98255,18920
8.98272,18972
8.98298,19024
9.00035,19076
9.00051,19128
9.00068,19180
9.00085,19232
9.00102,19283
9.00119,19334
9.00136,19385
9.00153,19436
9.00186,19487
9.01991,19538
9.02008,19589
9.02025,19640
9.02041,19690
9.02058,19740
9.02075,19790
9.02092,19840
9.02109,19890
9.02134,19940
9.03947,19990
9.03972,20040
9.03989,20089
9.04006,20138
9.04023,20187
9.0404,20236
9.04057,20285
9.04073,20334
9.0409,20383
9.05903,20432
9.05929,20480
9.05945,20528
9.05962,20576
9.05979,20624
9.05996,20672
9.06013,20720
9.0603,20768
9.06047,20816
9.0608,20864
9.07918,20911
9.07935,20958
9.07952,21005
9.07969,21052
9.07986,21099
9.08003,21146
9.0802,21193
9.08037,21240
9.08062,21287
9.08096,21333
9.09984,21379
9.10001,21425
9.10018,21471
9.10035,21517
9.10052,21563
9.10069,21609
9.10086,21655
9.10102,21701
9.10136,21747
9.10161,21792
9.12092,21837
9.12118,21882
9.12134,21927
9.12151,21972
9.12168,22017
9.12185,22062
9.12202,22107
9.12219,22152
9.12244,22197
9.12269,22242
9.14226,22286
9.14251,22330
9.14268,22374
9.14285,22418
9.14302,22462
9.14318,22506
9.14335,22550
9.14352,22594
9.14369,22638
9.14394,22682
9.1442,22726
9.16384,22770
9.16401,22813
9.16418,22856
9.16435,22899
9.16452,22942
9.16469,22985
9.16485,23028
9.16502,23071
9.16519,23114
9.16553,23157
9.16578,23200
9.18577,23243
9.18593,23286
9.1861,23328
9.18627,23370
9.18644,23412
9.18661,23454
9.18678,23496
9.18695,23538
9.1872,23580
9.18754,23622
9.18779,23664
9.20836,23706
9.20862,23748
9.20878,23790
9.20895,23832
9.20912,23873
9.20929,23914
9.20946,23955
9.20963,23996
9.20988,24037
9.21022,24078
9.21047,24119
9.23113,24160
9.23138,24201
9.23155,24242
9.23172,24283
9.23189,24324
9.23206,24365
9.23223,24406
9.23239,24446
9.23256,24486
9.2329,24526
9.23315,24566
9.23349,24606
9.25449,24646
9.25465,24686
9.25482,24726
9.25499,24766
9.25516,24806
9.25533,24846
9.2555,24886
9.25567,24926
9.25584,24966
9.25617,25006
9.25643,25045
9.25676,25084
9.27801,25123
9.27818,25162
9.27835,25201
9.27852,25240
9.27869,25279
9.27885,25318
9.27902,25357
9.27919,25396
9.27944,25435
9.2797,25474
9.28004,25513
9.28029,25552
9.30221,25591
9.30246,25630
9.30263,25669
9.3028,25707
9.30297,25745
9.30314,25783
9.30331,25821
9.30348,25859
9.30373,25897
9.30398,25935
9.30432,25973
9.30457,26011
9.32675,26049
9.327,26087
9.32717,26125
9.32734,26163
9.32751,26201
9.32768,26239
9.32784,26277
9.32801,26315
9.32818,26353
9.32852,26390
9.32877,26427
9.32902,26464
9.32936,26501
9.35162,26538
9.35188,26575
9.35204,26612
9.35221,26649
9.35238,26686
9.35255,26723
9.35272,26760
9.35289,26797
9.35306,26834
9.35339,26871
9.35365,26908
9.3539,26945
9.35424,26982
9.37667,27019
9.37692,27056
9.37709,27092
9.37726,27128
9.37742,27164
9.37759,27200
9.37776,27236
9.37793,27272
9.37818,27308
9.37844,27344
9.37877,27380
9.37903,27416
9.37936,27452
9.40205,27488
9.4023,27524
9.40247,27560
9.40264,27596
9.4028,27632
9.40297,27668
9.40314,27704
9.40331,27740
9.40356,27776
9.4039,27812
9.40424,27847
9.40449,27882
9.40474,27917
9.42802,27952
9.42835,27987
9.42852,28022
9.42869,28057
9.42886,28092
9.42903,28127
9.4292,28162
9.42937,28197
9.42962,28232
9.42996,28267
9.43029,28302
9.43055,28337
9.43088,28372
9.45416,28407
9.45449,28442
9.45466,28477
9.45483,28512
9.455,28547
9.45517,28582
9.45534,28616
9.4555,28650
9.45567,28684
9.45593,28718
9.45626,28752
9.4566,28786
9.45694,28820
9.45728,28854
9.4808,28888
9.48105,28922
9.48122,28956
9.48139,28990
9.48156,29024
9.48173,29058
9.4819,29092
9.48207,29126
9.48223,29160
9.48249,29194
9.48282,29228
9.48316,29262
9.4835,29296
9.48384,29330
9.50761,29364
9.50787,29398
9.50804,29432
9.5082,29465
9.50837,29498
9.50854,29531
9.50871,29564
9.50888,29597
9.50905,29630
9.50939,29663
9.50964,29696
9.50998,29729
9.51031,29762
9.51073,29795
9.5351,29828
9.53544,29861
9.53561,29894
9.53578,29927
9.53595,29960
9.53611,29993
9.53628,30026
9.53645,30059
9.53662,30092
9.53696,30125
9.53721,30158
9.53755,30191
9.53789,30224
9.53831,30257
9.5631,30290
9.56343,30323
9.5636,30355
9.56377,30387
9.56394,30419
9.56411,30451
9.56428,30483
9.56445,30515
9.56462,30547
9.56478,30579
9.56512,30611
9.56537,30643
9.56571,30675
9.56605,30707
9.56647,30739
9.59143,30771
9.59168,30803
9.59185,30835
9.59202,30867
9.59219,30899
9.59236,30931
9.59252,30963
9.59269,30995
9.59286,31027
9.59303,31059
9.59337,31091
9.59362,31123
9.59396,31155
9.5943,31187
9.5948,31219
9.61993,31251
9.62018,31282
9.62035,31313
9.62052,31344
9.62069,31375
9.62086,31406
9.62103,31437
9.62119,31468
9.62136,31499
9.62162,31530
9.62187,31561
9.62212,31592
9.62246,31623
9.6228,31654
9.6233,31685
9.6491,31716
9.64944,31747
9.64961,31778
9.64978,31809
9.64995,31840
9.65012,31871
9.65028,31902
9.65045,31933
9.65062,31964
9.65087,31995
9.65113,32026
9.65138,32057
9.65172,32088
9.65205,32119
9.65248,32150
9.67878,32181
9.67912,32212
9.67929,32243
9.67946,32274
9.67963,32304
9.6798,32334
9.67996,32364
9.68013,32394
9.6803,32424
9.68047,32454
9.68081,32484
9.68098,32514
9.68123,32544
9.68157,32574
9.6819,32604
9.68233,32634
9.7088,32664
9.70906,32694
9.70922,32724
9.70939,32754
9.70956,32784
9.70973,32814
9.7099,32844
9.71007,32874
9.71024,32904
9.7104,32934
9.71074,32964
9.71091,32994
9.71116,33024
9.7115,33054
9.71184,33084
9.71234,33114
9.73882,33144
9.73907,33174
9.73924,33204
9.73941,33234
9.73958,33264
9.73975,33294
9.73992,33324
9.74008,33354
9.74025,33383
9.74051,33412
9.74076,33441
9.74093,33470
9.74127,33499
9.74152,33528
9.74186,33557
9.74236,33586
9.76926,33615
9.7696,33644
9.76977,33673
9.76993,33702
9.7701,33731
9.77027,33760
9.77044,33789
9.77061,33818
9.77078,33847
9.77103,33876
9.77128,33905
9.77145,33934
9.77187,33963
9.77213,33992
9.77246,34021
9.77289,34050
9.80021,34079
9.80054,34108
9.80071,34137
9.80088,34166
9.80105,34195
9.80122,34224
9.80139,34253
9.80155,34282
9.80172,34311
9.80198,34340
9.80223,34369
9.8024,34398
9.80282,34427
9.80307,34456
9.80341,34485
9.80375,34513
9.80408,34541
9.83174,34569
9.83199,34597
9.83216,34625
9.83233,34653
9.8325,34681
9.83267,34709
9.83284,34737
9.83301,34765
9.83317,34793
9.83343,34821
9.83368,34849
9.83385,34877
9.83427,34905
9.83461,34933
9.83494,34961
9.83528,34989
9.8357,35017
9.86353,35045
9.8637,35073
9.86387,35101
9.86404,35129
9.8642,35157
9.86437,35185
9.86454,35213
9.86471,35241
9.86488,35269
9.86513,35297
9.86538,35325
9.86555,35353
9.86597,35381
9.86631,35409
9.86665,35437
9.86699,35465
9.86741,35493
9.8954,35521
9.89566,35549
9.89582,35577
9.89599,35605
9.89616,35633
9.89633,35661
9.8965,35689
9.89667,35717
9.89684,35744
9.89709,35771
9.89734,35798
9.89751,35825
9.89793,35852
9.89827,35879
9.89861,35906
9.89903,35933
9.89945,35960
9.92787,35987
9.9282,36014
9.92837,36041
9.92854,36068
9.92871,36095
9.92888,36122
9.92905,36149
9.92921,36176
9.92938,36203
9.92964,36230
9.92989,36257
9.93006,36284
9.93048,36311
9.93082,36338
9.93115,36365
9.93158,36392
9.932,36419
9.96092,36446
9.96126,36473
9.96142,36500
9.96159,36527
9.96176,36554
9.96193,36581
9.9621,36608
9.96227,36635
9.96244,36662
9.96261,36689
9.96286,36716
9.96311,36743
9.96328,36770
9.9637,36797
9.96404,36824
9.96438,36851
9.9648,36878
9.99423,2000
